Symbol,Description
AACG,Ata
AAL,American
AAME,Atlantic
AAOI,Applied
AAON,Aaon
AAPL,Apple
AAWW,Atlas
AAXJ,All
AAXN,Axon
ABCB,Ameris
ABEO,Abeona
ABIO,Arca
ABMD,Abiomed
ABTX,Allegiance
ABUS,Arbutus
ACAD,Acadia
ACAM,Acamar
ACAMU,Acamar
ACAMW,Acamar
ACBI,Atlantic
ACER,Acer
ACGL,Arch
ACGLO,Arch
ACGLP,Arch
ACHC,Acadia
ACHV,Achieve
ACIA,Acacia
ACIU,AC
ACIW,Aci
ACLS,Axcelis
ACMR,Acm
ACNB,Acnb
ACOR,Acorda
ACRS,Aclaris
ACRX,Acelrx
ACST,Acasti
ACT,Advisorshares
ACTG,Acacia
ACTT,Act
ACTTU,Act
ACTTW,Act
ACWI,ACWI
ACWX,ACWI
ADAP,Adaptimmune
ADBE,Adobe
ADES,Advanced
ADI,Analog
ADIL,Adial
ADILW,Adial
ADMA,Adma
ADMP,Adamis
ADMS,Adamas
ADP,Automatic
ADPT,Adaptive
ADRE,Bldrs
ADRO,Aduro
ADSK,Autodesk
ADTN,Adtran
ADUS,Addus
ADVM,Adverum
ADXN,Addex
ADXS,Advaxis
AEGN,Aegion
AEHR,Aehr
AEIS,Advanced
AEMD,Aethlon
AERI,Aerie
AESE,Allied
AEY,Addvantage
AEYE,Audioeye
AEZS,Aeterna
AFH,Atlas
AFIN,American
AFINP,American
AFMD,Affimed
AFYA,Afya
AGBA,Agba
AGBAR,Agba
AGBAW,Agba
AGEN,Agenus
AGFS,Agrofresh
AGFSW,Agrofresh
AGIO,Agios
AGLE,Aeglea
AGMH,Agm
AGNC,American
AGNCM,Agnc
AGNCN,Agnc
AGNCO,Agnc
AGNCP,Agnc
AGND,Wisdomtree
AGRX,Agile
AGTC,Applied
AGYS,Agilysys
AGZD,Wisdomtree
AHCO,Adapthealth
AHPI,Allied
AIA,Asia
AIH,Aesthetic
AIHS,Senmiao
AIKI,Alkido
AIMC,Altra
AIMT,Aimmune
AINV,Apollo
AIQ,Global
AIRG,Airgain
AIRR,Rba
AIRT,Air
AIRTP,Air
AIRTW,Air
AKAM,Akamai
AKBA,Akebia
AKCA,Akcea
AKER,Akers
AKRO,Akero
AKRX,Akorn
AKTS,Akoustis
AKTX,Akari
ALAC,Alberton
ALACR,Alberton
ALACU,Alberton
ALACW,Alberton
ALBO,Albireo
ALCO,Alico
ALDX,Aldeyra
ALEC,Alector
ALGN,Align
ALGT,Allegiant
ALIM,Alimera
ALJJ,Alj
ALKS,Alkermes
ALLK,Allakos
ALLO,Allogene
ALLT,Allot
ALNA,Allena
ALNY,Alnylam
ALOT,Astronova
ALPN,Alpine
ALRM,Alarm.com
ALRN,Aileron
ALRS,Alerus
ALSK,Alaska
ALT,Altimmune
ALTM,Altus
ALTR,Altair
ALTY,G-X
ALXN,Alexion
ALYA,Alithya
AMAG,Amag
AMAL,Amalgamated
AMAT,Applied
AMBA,Ambarella
AMCA,Russell
AMCI,Amci
AMCIU,Amci
AMCIW,Amci
AMCX,Amc
AMD,Adv
AMED,Amedisys
AMEH,Apollo
AMGN,Amgen
AMHC,Amplitude
AMHCU,Amplitude
AMHCW,Amplitude
AMKR,Amkor
AMNB,American
AMOT,Allied
AMPH,Amphastar
AMRB,American
AMRH,Ameri
AMRHW,Ameri
AMRK,A-Mark
AMRN,Amarin
AMRS,Amyris
AMSC,Amer
AMSF,Amerisafe
AMSWA,Amer
AMTB,Mercantil
AMTBB,Mercantil
AMTD,TD
AMTI,Applied
AMTX,Aemetis
AMWD,Amer
AMZN,Amazon.com
ANAB,Anaptysbio
ANAT,Amer
ANCN,Anchiano
ANDA,Andina
ANDAR,Andina
ANDAU,Andina
ANDAW,Andina
ANDE,Andersons
ANGI,Homeservices
ANGL,Fallen
ANGO,Angiodynamics
ANIK,Anika
ANIP,ANI
ANIX,Anixa
ANPC,Anpac
ANSS,Ansys
ANTE,Airnet
ANY,Sphere
AOBC,American
AOSL,Alpha
APA,Apache
APDN,Applied
APEI,American
APEN,Apollo
APEX,Apex
APHA,Aphria
APLS,Apellis
APLT,Applied
APM,Aptorum
APOG,Apogee
APOP,Cellect
APOPW,Cellect
APPF,Appfolio
APPN,Appian
APPS,Digital
APRE,Aprea
APTO,Aptose
APTX,Aptinyx
APVO,Aptevo
APWC,Asia
APXT,Apex
APXTU,Apex
APXTW,Apex
APYX,Apyx
AQB,Aquabounty
AQMS,Aqua
AQST,Aquestive
ARAV,Aravive
ARAY,Accuray
ARCB,Arcbest
ARCC,Ares
ARCE,Arco
ARCT,Arcturus
ARDS,Aridis
ARDX,Ardelyx
AREC,American
ARGX,Argenx
ARKR,Ark
ARLP,Alliance
ARNA,Arena
AROW,Arrow
ARPO,Aerpio
ARQT,Arcutis
ARTL,Artelo
ARTLW,Artelo
ARTNA,Artesian
ARTW,Art
ARVN,Arvinas
ARWR,Arrowhead
ARYA,Arya
ARYAU,Arya
ARYAW,Arya
ARYBU,Arya
ASET,Flexshares
ASFI,Asta
ASLN,Aslan
ASMB,Assembly
ASML,Asml
ASNA,Ascena
ASND,Ascendis
ASPS,Altisource
ASPU,Aspen
ASRT,Assertio
ASRV,Ameriserv
ASRVP,Ameriserv
ASTC,Astrotech
ASTE,Astec
ASUR,Asure
ASYS,Amtech
ATAX,Amer
ATCX,Atlas
ATCXW,Atlas
ATEC,Alphatec
ATEX,Pdvwireless
ATHE,Alterity
ATHX,Athersys
ATIF,Atif
ATLC,Atlanticus
ATLO,Ames
ATNI,Atn
ATNX,Athenex
ATOM,Atomera
ATOS,Atossa
ATRA,Atara
ATRC,Atricure
ATRI,Atrion
ATRO,Astronics
ATRS,Antares
ATSG,Air
ATVI,Activision
ATXI,Avenue
AUB,Atlantic
AUBAP,Atlantic
AUBN,Auburn
AUDC,Audiocodes
AUPH,Aurinia
AUTL,Autolus
AUTO,Autoweb
AVAV,Aerovironment
AVCO,Avalon
AVCT,American
AVCTW,American
AVDL,Avadel
AVEO,Aveo
AVGO,Broadcom
AVGOP,Broadcom
AVGR,Avinger
AVID,Avid
AVNW,Aviat
AVRO,Avrobio
AVT,Avnet
AVXL,Anavex
AWH,Aspira
AWRE,Aware
AXAS,Abraxas
AXDX,Accelerate
AXGN,Axogen
AXGT,Axovant
AXLA,Axcella
AXNX,Axonics
AXSM,Axsome
AXTI,Axt
AY,Atlantica
AYLA,Ayala
AYRO,Ayro
AYTU,Aytu
AZPN,Aspen
AZRX,Azurrx
BAND,Bandwidth
BANF,Bancfirst
BANFP,Bfc
BANR,Banner
BANX,Stonecastle
BASI,Bioanalytical
BATRA,Liberty
BATRK,Liberty
BBBY,Bed
BBCP,Concrete
BBGI,Beasley
BBH,Biotech
BBI,Brickell
BBIO,Bridgebio
BBQ,Bbq
BBSI,Barrett
BCBP,Bcb
BCDA,Biocardia
BCDAW,Biocardia
BCEL,Atreca
BCLI,Brainstorm
BCML,Bay
BCOM,B
BCOR,Blucora
BCOV,Brightcove
BCOW,1895
BCPC,Balchem
BCRX,Biocryst
BCTF,Bancorp
BCYC,Bicycle
BDGE,Bridge
BDSI,Biodelivery
BDTX,Black
BEAM,Beam
BEAT,Biotelemetry
BECN,Beacon
BELFA,BEL
BELFB,BEL
BFC,Bank
BFIN,Bankfinancial
BFIT,G-X
BFRA,Biofrontera
BFST,Business
BFYT,Benefytt
BGCP,Bgc
BGFV,Big
BGNE,Beigene
BGRN,Ishares
BHAT,Blue
BHF,Brighthouse
BHFAL,Brighthouse
BHFAO,Brighthouse
BHFAP,Brighthouse
BHTG,Biohitech
BIB,Ultra
BICK,BICK
BIDU,Baidu
BIIB,Biogen
BILI,Bilibili
BIMI,NF
BIOC,Biocept
BIOL,Biolase
BIS,Ultrashort
BJK,Gaming
BJRI,Bj's
BKCC,Blackrock
BKEP,Blueknight
BKEPP,Blueknight
BKNG,Booking
BKSC,Bank
BKYI,Bio-Key
BL,Blackline
BLBD,Blue
BLCM,Bellicum
BLCN,Reality
BLDP,Ballard
BLDR,Builders
BLFS,Biolife
BLIN,Bridgeline
BLKB,Blackbaud
BLMN,Bloomin'
BLNK,Blink
BLNKW,Blink
BLPH,Bellerophon
BLRX,Biolinerx
BLU,Bellus
BLUE,Bluebird
BMCH,Bmc
BMLP,Dorsey
BMRA,Biomerica
BMRC,Bank
BMRN,Biomarin
BMTC,Bryn
BND,Total
BNDW,Total
BNDX,Total
BNFT,Benefitfocus
BNGO,Bionano
BNGOW,Bionano
BNR,Burning
BNSO,Bonso
BNTC,Benitec
BNTX,Biontech
BOCH,Bank
BOKF,Bok
BOKFL,Bok
BOMN,Boston
BOOM,Dynamic
BOSC,Bos
BOTJ,Bank
BOTZ,G-X
BOXL,Boxlight
BPFH,Boston
BPMC,Blueprint
BPOP,Popular
BPOPM,Popular
BPOPN,Popular
BPRN,Bank
BPTH,Bio-Path
BPY,Brookfield
BPYPN,Brookfield
BPYPO,Brookfield
BPYPP,Brookfield
BPYU,Brookfield
BPYUP,Brookfield
BREW,Craft
BRID,Bridgford
BRKL,Brookline
BRKR,Bruker
BRKS,Brooks
BROG,Brooge
BROGW,Brooge
BRP,Brp
BRPA,Big
BRPAR,Big
BRPAU,Big
BRPAW,Big
BRQS,Borqs
BRY,Berry
BSAE,Invesco
BSBE,Invesco
BSBK,Bogota
BSCE,Invesco
BSCK,Bs
BSCL,Bs
BSCM,Bs
BSCN,Bs
BSCO,Bs
BSCP,Bs
BSCQ,Bs
BSCR,Bs
BSCS,Invesco
BSCT,Invesco
BSDE,Invesco
BSET,Bassett
BSGM,Biosig
BSJK,Bs
BSJL,Bs
BSJM,Bs
BSJN,Bs
BSJO,Bs
BSJP,Bs
BSJQ,Invesco
BSJR,Invesco
BSML,Invesco
BSMM,Invesco
BSMN,Invesco
BSMO,Invesco
BSMP,Invesco
BSMQ,Invesco
BSMR,Invesco
BSMS,Invesco
BSMT,Invesco
BSQR,Bsquare
BSRR,Sierra
BSTC,Biospecifics
BSVN,Bank7
BTAI,Bioxcel
BTEC,Principal
BUG,Global
BUSE,First
BVXV,Biondvax
BWAY,Brainsway
BWB,Bridgewater
BWEN,Broadwind
BWFG,Bankwell
BWMX,Betterware
BXRX,Baudax
BYFC,Broadway
BYND,Beyond
BYSI,Beyondspring
BZUN,Baozun
CAAS,China
CABA,Cabaletta
CAC,Camden
CACC,Credit
CACG,Legg
CAKE,Cheesecake
CALA,Calithera
CALB,California
CALM,Cal-Maine
CALT,Calliditas
CAMP,Calamp
CAMT,Camtek
CAN,Canaan
CAPR,Capricor
CAR,Avis
CARA,Cara
CARE,Carter
CARG,Cargurus
CARV,Carver
CARZ,Nasdaq
CASA,Casa
CASH,Meta
CASI,Casi
CASS,Cass
CASY,Casey's
CATB,Catabasis
CATC,Cambridge
CATH,G-X
CATM,Cardtronics
CATS,Catasys
CATY,Cathay
CBAN,Colony
CBAT,Cbak
CBAY,Cymabay
CBFV,Cb
CBIO,Catalyst
CBLI,Cleveland
CBMB,Cbm
CBMG,Cellular
CBNK,Capital
CBPO,China
CBRL,Cracker
CBSH,Commerce
CBSHP,Commerce
CBTX,Cbtx
CCAP,Crescent
CCB,Coastal
CCBG,Capital
CCCL,China
CCD,Calams
CCLP,CSI
CCMP,Cabot
CCNC,Code
CCNE,Cnb
CCOI,Cogent
CCRC,China
CCRN,Cross
CCXI,Chemocentryx
CDC,Victory
CDEV,Centennial
CDK,Cdk
CDL,Victory
CDLX,Cardlytics
CDMO,Avid
CDMOP,Avid
CDNA,Caredx
CDNS,Cadence
CDTX,Cidara
CDW,CDW
CDXC,Chromadex
CDXS,Codexis
CDZI,Cadiz
CECE,C
CELC,Celcuity
CELH,Celsius
CEMI,Chembio
CENT,Central
CENTA,Central
CENX,Century
CERC,Cerecor
CERN,Cerner
CERS,Cerus
CETV,Central
CETX,Cemtrex
CETXP,Cemtrex
CETXW,Cemtrex
CEVA,Ceva
CEY,Victoryshares
CEZ,Victory
CFA,Victory
CFB,Crossfirst
CFBI,Community
CFBK,Central
CFFA,Cf
CFFAU,Cf
CFFAW,Cf
CFFI,C&F
CFFN,Capitol
CFMS,Conformis
CFO,Victory
CFRX,Contrafect
CG,The
CGBD,Tcg
CGEN,Compugen
CGIX,Cancer
CGNX,Cognex
CGO,Calamos
CGROU,Collective
CHCI,Comstock
CHCO,City
CHDN,Churchill
CHEF,The
CHEK,Check-Cap
CHEKZ,Check-Cap
CHFS,Chf
CHI,Calamos
CHKP,Check
CHMA,Chiasma
CHMG,Chemung
CHNA,Loncar
CHNG,Change
CHNGU,Change
CHNR,China
CHPM,Chp
CHPMU,Chp
CHPMW,Chp
CHRS,Coherus
CHRW,C.H.
CHSCL,CHS
CHSCM,CHS
CHSCN,CHS
CHSCO,CHS
CHSCP,CHS
CHTR,Charter
CHUY,Chuy's
CHW,Calamos
CHY,Calamos
CIBR,Nasdaq
CID,Victory
CIDM,Cinedigm
CIGI,Colliers
CIH,China
CIIC,Ciig
CIICU,Ciig
CIICW,Ciig
CIL,Victory
CINF,Cincinnati
CIVB,Civista
CIZ,Victory
CIZN,Citizens
CJJD,China
CKPT,Checkpoint
CLAR,Clarus
CLBK,Columbia
CLBS,Caladrius
CLCT,Collectors
CLDB,Cortland
CLDX,Celldex
CLEU,China
CLFD,Clearfield
CLGN,Collplant
CLIR,Clearsign
CLLS,Cellectis
CLMT,Calumet
CLNE,Clean
CLOU,Global
CLPS,Clps
CLPT,Clearpoint
CLRB,Cellectar
CLRBZ,Cellectar
CLRG,IQ
CLRO,Clearone
CLSD,Clearside
CLSK,Cleanspark
CLSN,Celsion
CLUB,Town
CLVS,Clovis
CLWT,Euro
CLXT,Calyxt
CMBM,Cambium
CMCO,Columbus
CMCSA,Comcast
CMCT,Cim
CMCTP,Cim
CME,CME
CMFNL,Cm
CMLS,Cumulus
CMPR,Cimpress
CMRX,Chimerix
CMTL,Comtech
CNAT,Conatus
CNBKA,Century
CNCE,Concert
CNCR,Loncar
CNDT,Conduent
CNET,Chinanet
CNFR,Conifer
CNFRL,Conifer
CNNB,Cincinnati
CNOB,Connectone
CNSL,Consolidated
CNSP,Cns
CNST,Constellation
CNTG,Centogene
CNTY,Century
CNXN,PC
COCP,Cocrystal
CODA,Coda
CODX,Co-Diagnostics
COFS,Choiceone
COHR,Coherent
COHU,Cohu
COKE,Coca
COLB,Columbia
COLL,Collegium
COLM,Columbia
COMM,Commscope
COMT,Commodities
CONE,Cyrusone
CONN,Conn's
COOP,Mr.Cooper
CORE,Core
CORT,Corcept
CORV,Correvio
COST,Costco
COUP,Coupa
COWN,Cowen
COWNL,Cowen
COWNZ,Cowen
CPAA,Conyers
CPAAU,Conyers
CPAAW,Conyers
CPAH,Counterpath
CPHC,Canterbury
CPIX,Cumberland
CPLP,Capital
CPRT,Copart
CPRX,Catalyst
CPSH,Cps
CPSI,Computer
CPSS,Consumer
CPST,Capstone
CPTA,Capitala
CPTAG,Capitala
CPTAL,Capitala
CPZ,Calamos
CRAI,Cra
CRBP,Corbus
CRDF,Cardiff
CREE,Cree
CREG,China
CRESY,Cresud
CREX,Creative
CREXW,Creative
CRIS,Curis
CRMT,America's
CRNC,Cerence
CRNT,Ceragon
CRNX,Crinetics
CRON,Cronos
CROX,Crocs
CRSA,Crescent
CRSAU,Crescent
CRSAW,Crescent
CRSP,Crispr
CRTO,Criteo
CRTX,Cortexyme
CRUS,Cirrus
CRVL,Corvel
CRVS,Corvus
CRWD,Crowdstrike
CRWS,Crown
CSA,Victory
CSB,Victory
CSBR,Champions
CSCO,Cisco
CSF,Victory
CSFL,Centerstate
CSGP,Costar
CSGS,C
CSII,Cardiovascular
CSIQ,Canadian
CSML,IQ
CSOD,Cornerstone
CSPI,C
CSQ,Calamos
CSSE,Chicken
CSSEP,Chicken
CSTE,Caesarstone
CSTL,Castle
CSTR,Capstar
CSWC,Capital
CSWCL,Capital
CSWI,Csw
CSX,CSX
CTAS,Cintas
CTBI,Community
CTG,Computer
CTHR,Charles
CTIB,Cti
CTIC,Cti
CTMX,Cytomx
CTRC,Centric
CTRE,Caretrust
CTRM,Castor
CTRN,Citi
CTSH,Cognizant
CTSO,Cytosorbents
CTXR,Citius
CTXRW,Citius
CTXS,Citrix
CUBA,Herzfeld
CUE,Cue
CUTR,Cutera
CVBF,Cvb
CVCO,Cavco
CVCY,Central
CVET,Covetrus
CVGI,Commercial
CVGW,Calavo
CVLT,Commvault
CVLY,Codorus
CVTI,Covenant
CVV,CVD
CWBC,Community
CWBR,Cohbar
CWCO,Cons
CWST,Casella
CXDC,China
CXSE,Wisdomtree
CYAD,Celyad
CYAN,Cyanotech
CYBE,Cyberoptics
CYBR,Cyberark
CYCC,Cyclacel
CYCCP,Cyclacel
CYCN,Cyclerion
CYRN,Cyren
CYRX,Cryoport
CYRXW,Cryoport
CYTK,Cytokinetics
CZNC,Citizens
CZR,Caesars
CZWI,Citizens
DADA,Dada
DAIO,Data
DAKT,Daktronics
DALI,First
DARE,Dare
DAX,DAX
DBCP,Delmar
DBVT,Dbv
DBX,Dropbox
DCAR,Dropcar
DCOM,Dime
DCOMP,Dime
DCPH,Deciphera
DCTH,Delcath
DDIV,First
DDOG,Datadog
DENN,Dennys
DFFN,Diffusion
DFNL,Davis
DFPH,Dfp
DFPHU,Dfp
DFPHW,Dfp
DGICA,Donegal
DGICB,Donegal
DGII,Digi
DGLD,VS
DGLY,Digital
DGRE,Wisdomtree
DGRS,Wisdomtree
DGRW,Wisdomtree
DHC,Diversified
DHCNI,Diversified
DHCNL,Diversified
DHIL,Diamond
DINT,Davis
DIOD,Diodes
DISCA,Discovery
DISCB,Discovery
DISCK,Discovery
DISH,Dish
DJCO,Daily
DKNG,Draftkings
DKNGW,Draftkings
DLHC,Dlh
DLPN,Dolphin
DLPNW,Dolphin
DLTH,Duluth
DLTR,Dollar
DMAC,Diamedica
DMLP,Dorchester
DMPI,Delmar
DMRC,Digimarc
DMTK,Dermtech
DMXF,Ishares
DNJR,Golden
DNKN,Dunkin'
DNLI,Denali
DOCU,Docusign
DOGZ,Dogness
DOMO,Domo
DOOO,Brp
DORM,Dorman
DOX,Amdocs
DOYU,Douyu
DPHC,Diamondpeak
DPHCU,Diamondpeak
DPHCW,Diamondpeak
DRAD,Digirad
DRADP,Digirad
DRIO,Dario
DRIOW,Labstyle
DRIV,Global
DRNA,Dicerna
DRRX,Durect
DRTT,Dirtt
DSGX,Descartes
DSKE,Daseke
DSKEW,Daseke
DSLV,VS
DSPG,D
DSWL,Deswell
DTEA,Davidstea
DTIL,Precision
DTSS,Datasea
DUO,Fangdd
DUOT,Duos
DUSA,Davis
DVAX,Dynavax
DVLU,First
DVOL,First
DVY,Select
DWAS,DWA
DWAT,Arrow
DWAW,Advisorshares
DWCR,Arrow
DWEQ,Advisorshares
DWFI,DW
DWLD,Davis
DWMC,Advisorshares
DWPP,First
DWSH,Advisorshares
DWSN,Dawson
DWUS,Advisorshares
DXCM,Dexcom
DXGE,Wisdomtree
DXJS,Wisdomtree
DXLG,Destination
DXPE,Dxp
DXYN,The
DYAI,Dyadic
DYNT,Dynatronics
DZSI,Dasan
EA,Electronic
EARS,Auris
EAST,Eastside
EBAY,Ebay
EBAYL,Ebay
EBIX,Ebix
EBIZ,Global
EBMT,Eagle
EBSB,Meridian
EBTC,Enterprise
ECHO,Echo
ECOL,US
ECOLW,US
ECOR,Electrocore
ECOW,Pacer
ECPG,Encore
EDAP,Edap
EDIT,Editas
EDNT,Edison
EDRY,Eurodry
EDSA,Edesa
EDUC,Educational
EEFT,Euronet
EEMA,Emrg
EFAS,G-X
EFOI,Energy
EFSC,Enterprises
EGAN,Egain
EGBN,Eagle
EGLE,Eagle
EGOV,Nic
EGRX,Eagle
EH,Ehang
EHTH,Ehealth
EIDX,Eidos
EIGI,Endurance
EIGR,Eiger
EKSO,Ekso
ELGX,Endologix
ELOX,Eloxx
ELSE,Electro
ELTK,Eltek
EMB,USD
EMCB,Wisdomtree
EMCF,Emclaire
EMCG,Wisdomtree
EMIF,Emrg
EMKR,Emcore
EML,Eastern
EMXC,Emrg
ENDP,Endo
ENG,Englobal
ENLV,Enlivex
ENOB,Enochian
ENPH,Enphase
ENSG,The
ENT,Global
ENTA,Enanta
ENTG,Entegris
ENTX,Entera
ENTXW,Entera
ENZL,New
EOLS,Evolus
EPAY,Bottomline
EPIX,Essa
EPSN,Epsilon
EPZM,Epizyme
EQ,Equillium
EQBK,Equity
EQIX,Equinix
EQRR,Proshares
ERI,Eldorado
ERIC,Ericsson
ERIE,Erie
ERII,Energy
ERYP,Erytech
ESBK,Elmira
ESCA,Escalade
ESEA,Euroseas
ESGD,EAFE
ESGE,Emrg
ESGR,Enstar
ESGRO,Enstar
ESGRP,Enstar
ESGU,USA
ESLT,Elbit
ESPO,Vaneck
ESPR,Esperion
ESQ,Esquire
ESSA,Essa
ESSC,East
ESSCR,East
ESSCU,East
ESSCW,East
ESTA,Establishment
ESXB,Community
ETFC,E*Trade
ETNB,89Bio
ETON,Eton
ETSY,Etsy
ETTX,Entasis
EUFN,Europe
EVBG,Everbridge
EVER,Everquote
EVFM,Evofem
EVGN,Evogene
EVK,Ever
EVLO,Evelo
EVOK,Evoke
EVOL,Evolving
EVOP,Evo
EVSI,Envision
EVSIW,Envision
EVSTC,Eaton
EWBC,East
EWJE,Ishares
EWJV,Ishares
EWZS,Brazil
EXAS,Exact
EXC,Exelon
EXEL,Exelixis
EXFO,Exfo
EXLS,Exlservice
EXPC,Experience
EXPCU,Experience
EXPCW,Experience
EXPD,Expeditors
EXPE,Expedia
EXPI,Exp
EXPO,Exponent
EXTR,Extreme
EYE,National
EYEG,Eyegate
EYEGW,Eyegate
EYEN,Eyenovia
EYES,Second
EYESW,Second
EYPT,Eyepoint
EZPW,Ezcorp
FAAR,Alternative
FAB,Multi
FAD,Multicap
FALN,US
FAMI,Farmmi
FANG,Diamondback
FANH,Fanhua
FARM,Farmer
FARO,Faro
FAST,Fastenal
FAT,Fat
FATE,Fate
FB,Facebook
FBIO,Fortress
FBIOP,Fortress
FBIZ,First
FBMS,First
FBNC,First
FBRX,Forte
FBSS,Fauquier
FBZ,Brazil
FCA,China
FCAL,First
FCAN,Canada
FCAP,First
FCBC,First
FCBP,First
FCCO,First
FCCY,1st
FCEF,CEF
FCEL,Fuelcell
FCFS,First
FCNCA,First
FCNCP,First
FCVT,Ssi
FDBC,Fidelity
FDEF,First
FDIV,Strategic
FDNI,FT
FDT,Dev
FDTS,Dev
FDUS,Fidus
FDUSG,Fidus
FDUSL,Fidus
FDUSZ,Fidus
FEIM,Frequency
FELE,Franklin
FEM,Emrg
FEMB,Emrg
FEMS,Emrg
FENC,Fennec
FEP,Europe
FEUZ,Eurozone
FEX,Largecap
FEYE,Fireeye
FFBC,First
FFBW,Ffbw
FFHL,Fuwei
FFIC,Flushing
FFIN,First
FFIV,F5
FFNW,First
FFWM,First
FGBI,First
FGEN,Fibrogen
FGM,Germany
FHB,First
FHK,Hong
FIBK,First
FID,First
FINX,G-X
FISI,Financial
FISV,Fiserv
FITB,Fifth
FITBI,Fifth
FITBO,Fifth
FITBP,Fifth
FIVE,Five
FIVN,Five9
FIXD,Tcw
FIXX,Homology
FIZZ,Natl
FJP,Japan
FKO,South
FKU,UK
FLDM,Fluidigm
FLEX,Flextronics
FLGT,Fulgent
FLIC,First
FLIR,Flir
FLL,Full
FLMN,Falcon
FLMNW,Falcon
FLN,Latin
FLNT,Fluent
FLWS,1-800-Flowers.com
FLXN,Flexion
FLXS,Flexsteel
FMAO,Farmers
FMB,Managed
FMBH,First
FMBI,First
FMBIP,First
FMCI,Forum
FMCIU,Forum
FMCIW,Forum
FMHI,FT
FMK,Mega
FMNB,Farmers
FNCB,FNCB
FNHC,Federated
FNJN,Finjan
FNK,Mid
FNKO,Funko
FNLC,First
FNWB,First
FNX,Mid
FNY,Mid
FOCS,Focus
FOLD,Amicus
FONR,Fonar
FORD,Forward
FORK,Fuling
FORM,Formfactor
FORR,Forrester
FORTY,Formula
FOSL,Fossil
FOX,Fox
FOXA,Fox
FOXF,Fox
FPA,Asia
FPAY,Flexshopper
FPRX,Five
FPXE,First
FPXI,International
FRAF,Franklin
FRAN,Francesca's
FRBA,First
FRBK,Republic
FREQ,Frequency
FRG,Franchise
FRGI,Fiesta
FRHC,Freedom
FRME,First
FRPH,Frp
FRPT,Freshpet
FRSX,Foresight
FRTA,Forterra
FSBW,FS
FSCT,Forescout
FSEA,First
FSFG,First
FSLR,First
FSRV,Finserv
FSRVU,Finserv
FSRVW,Finserv
FSTR,Foster
FSV,Firstsrvce
FSZ,Switzerland
FTA,Largecap
FTAC,Fintech
FTACU,Fintech
FTACW,Fintech
FTAG,Indxx
FTC,Largecap
FTCS,Capital
FTDR,Frontdoor
FTEK,Fuel
FTFT,Future
FTGC,Global
FTHI,High
FTLB,Low
FTNT,Fortinet
FTRI,Indxx
FTSL,Senior
FTSM,Enhanced
FTXD,Nasdaq
FTXG,Nasdaq
FTXH,Nasdaq
FTXL,Nasdaq
FTXN,Nasdaq
FTXO,Nasdaq
FTXR,Nasdaq
FULC,Fulcrum
FULT,Fulton
FUNC,First
FUND,Sprott
FUSB,First
FUTU,Futu
FUV,Arcimoto
FV,Dorsey
FVC,Dorsey
FVCB,Fvcbankcorp
FVE,Five
FWONA,Liberty
FWONK,Liberty
FWP,Forward
FWRD,Foward
FXNC,First
FYC,Smallcap
FYT,Smallcap
FYX,Smallcap
GABC,German
GAIA,Gaiam
GAIN,Gladstone
GAINL,Gladstone
GAINM,Gladstone
GALT,Galectin
GAN,Gan
GARS,Garrison
GASS,Stealthgas
GBCI,Glacier
GBDC,Golub
GBIO,Generation
GBLI,Global
GBLIL,Global
GBLIZ,Global
GBT,Global
GCBC,Greene
GDEN,Golden
GDS,Gds
GDYN,Grid
GDYNW,Grid
GEC,Great
GECC,Great
GECCL,Great
GECCM,Great
GECCN,Great
GENC,Gencor
GENE,Genetic
GENY,Principal
GEOS,Geospace
GERN,Geron
GEVO,Gevo
GFED,Guaranty
GFN,General
GFNCP,General
GFNSL,Genrl
GGAL,Grupo
GH,Guardant
GHIV,Gores
GHIVU,Gores
GHIVW,Gores
GHSI,Guardion
GIFI,Gulf
GIGE,Sofi
GIGM,Gigamedia
GIII,G-III
GILD,Gilead
GILT,Gilat
GLAD,Gladstone
GLADD,Gladstone
GLADL,Gladstone
GLBS,Globus
GLBZ,Glen
GLDD,Great
GLDI,CS
GLG,China
GLIBA,Gci
GLIBP,Gci
GLMD,Galmed
GLNG,Golar
GLPG,Galapagos
GLPI,Gaming
GLRE,Greenlight
GLUU,Glu
GLYC,Glycomimetics
GMAB,Genmab
GMBL,Esports
GMBLW,Esports
GMDA,Gamida
GMHI,Gores
GMHIU,Gores
GMHIW,Gores
GMLP,Golar
GMLPP,Golar
GNCA,Genocea
GNFT,Genfit
GNLN,Greenlane
GNMA,GNMA
GNMK,Genmark
GNOM,Global
GNPX,Genprex
GNRS,Greenrose
GNRSU,Greenrose
GNRSW,Greenrose
GNSS,Genasys
GNTX,Gentex
GNTY,Guaranty
GNUS,Genius
GO,Grocery
GOGL,Golden
GOGO,Gogo
GOOD,Gladstone
GOODM,Gladstone
GOODN,Gladstone
GOOG,Alphabet
GOOGL,Alphabet
GOSS,Gossamer
GPAQ,Gordon
GPAQU,Gordon
GPAQW,Gordon
GPOR,Gulfport
GPP,Green
GPRE,Green
GPRO,Gopro
GRBK,Green
GRFS,Grifols
GRID,Nasdaq
GRIF,Griffin
GRIL,Muscle
GRIN,Grindrod
GRMN,Garmin
GRNQ,Greenpro
GRNV,Greenvision
GRNVR,Greenvision
GRNVU,Greenvision
GRNVW,Greenvision
GROW,U
GRPN,Groupon
GRTS,Gritstone
GRTX,Galera
GRVY,Gravity
GRWG,Growgeneration
GSBC,Great
GSHD,Goosehead
GSIT,Gsi
GSKY,Greensky
GSM,Ferroglobe
GSMG,Glory
GSMGW,Glory
GSUM,Gridsum
GT,Goodyear
GTEC,Greenland
GTHX,G1
GTIM,Good
GTLS,Chart
GTYH,Gty
GULF,Wisdomtree
GURE,Gulf
GVP,GSE
GWGH,Gwg
GWPH,Gw
GWRS,Global
GXGX,Gx
GXGXU,Gx
GXGXW,Gx
GXTG,Global
GYRO,Gyrodyne
HA,Hawaiian
HAFC,Hanmi
HAIN,Hain
HALL,Hallmark
HALO,Halozyme
HAPP,Happiness
HARP,Harpoon
HAS,Hasbro
HAYN,Haynes
HBAN,Huntington
HBANN,Huntington
HBANO,Huntington
HBCP,Home
HBIO,Harvard
HBMD,Howard
HBNC,Horizon
HBP,Huttig
HBT,Hbt
HCAC,Hennessy
HCACU,Hennessy
HCACW,Hennessy
HCAP,Harvest
HCAPZ,Harvest
HCAT,Health
HCCH,Hl
HCCHR,Hl
HCCHU,Hl
HCCHW,Hl
HCCI,Heritage-Crystal
HCCO,Healthcare
HCCOU,Healthcare
HCCOW,Healthcare
HCKT,Hackett
HCM,Hutchison
HCSG,Healthcare
HDS,HD
HDSN,Hudson
HEAR,Turtle
HEBT,Hebron
HECCU,Hudson
HEES,H&E
HELE,Helen
HEPA,Hepion
HERD,Pacer
HERO,Global
HEWG,Germany
HFBL,Home
HFFG,HF
HFWA,Heritage
HGSH,China
HHR,Headhunter
HHT,Huitao
HIBB,Hibbett
HIFS,Hingham
HIHO,Highway
HIMX,Himax
HJLI,Hancock
HJLIW,Hancock
HLAL,Wahed
HLG,Hailiang
HLIO,Helios
HLIT,Harmonic
HLNE,Hamilton
HMHC,Houghton
HMNF,Hmn
HMST,Homestreet
HMSY,Hms
HMTV,Hemisphere
HNDL,Strategy
HNNA,Hennessy
HNRG,Hallador
HOFT,Hooker
HOLI,Hollysys
HOLX,Hologic
HOMB,Home
HONE,Harborone
HOOK,Hookipa
HOPE,Hope
HOTH,Hoth
HOVNP,Hovnanian
HQI,Hirequest
HQY,Healthequity
HROW,Harrow
HRTX,Heron
HRZN,Horizon
HSDT,Helius
HSIC,Henry
HSII,Heidrick
HSKA,Heska
HSON,Hudson
HSTM,Healthstream
HSTO,Histogen
HTBI,Hometrust
HTBK,Heritage
HTBX,Heat
HTGM,Htg
HTHT,Huazhu
HTIA,Healthcare
HTLD,Heartland
HTLF,Heartland
HUBG,Hub
HUGE,Fsd
HUIZ,Huize
HURC,Hurco
HURN,Huron
HUSN,Hudson
HVBC,Hv
HWBK,Hawthorn
HWC,Hancock
HWCC,Houston
HWCPL,Hancock
HWCPZ,Hancock
HWKN,Hawkins
HX,Hexindai
HYAC,Haymaker
HYACU,Haymaker
HYACW,Haymaker
HYLS,Tactical
HYMC,Hycroft
HYMCW,Hycroft
HYND,Wisdomtree
HYRE,Hyrecar
HYXE,High
HYZD,Wisdomtree
HZNP,Horizon
IAC,Iac
IART,Integra
IBB,Nasdaq
IBCP,Independent
IBKC,Iberiabank
IBKCN,Iberiabank
IBKCO,Iberiabank
IBKCP,Iberiabank
IBKR,Interactive
IBOC,Intl
IBTA,Ishares
IBTB,Ishares
IBTD,Ishares
IBTE,Ishares
IBTF,Ishares
IBTG,Ishares
IBTH,Ishares
IBTI,Ishares
IBTJ,Ishares
IBTX,Independent
IBUY,Online
ICAD,Icad
ICBK,County
ICCC,Immucell
ICCH,Icc
ICFI,Icf
ICHR,Ichor
ICLK,Iclick
ICLN,Global
ICLR,Icon
ICMB,Investcorp
ICON,Iconix
ICPT,Intercept
ICUI,I
IDCC,Interdigital
IDEX,Ideanomics
IDLB,FTSE
IDN,Intellicheck
IDRA,Idera
IDXG,Interpace
IDXX,Idexx
IDYA,Ideaya
IEA,Infrastructure
IEAWW,Infrastructure
IEC,IEC
IEF,10-Jul
IEI,7-Mar
IEP,Icahn
IESC,Ies
IEUS,Europe
IFEU,Europe
IFGL,Intl
IFMK,Ifresh
IFRX,Fireman
IFV,Dorsey
IGF,Global
IGIB,Intermediate-Term
IGIC,International
IGICW,International
IGMS,Igm
IGOV,Intl
IGSB,Short-Term
IHRT,Iheartmedia
III,Information
IIIN,Insteel
IIIV,I3
IIN,Intricon
IIVI,I
IJT,S&P
IKNX,Ikonics
ILMN,Illumina
ILPT,Industrial
IMAB,I-Mab
IMAC,Imac
IMACW,Imac
IMBI,Imedia
IMGN,Immunogen
IMKTA,Ingles
IMMP,Immutep
IMMR,Immersion
IMMU,Immunomedics
IMOS,Chipmos
IMRA,Imara
IMRN,Immuron
IMRNW,Immuron
IMTE,Integrated
IMUX,Immunic
IMV,Imv
IMVT,Immunovant
IMVTU,Immunovant
IMVTW,Immunovant
IMXI,International
INBK,First
INBKL,First
INBKZ,First
INCY,Incyte
INDB,Independent
INDY,India
INFI,Infinity
INFN,Infinera
INFR,Legg
INGN,Inogen
INMB,Inmune
INMD,Inmode
INO,Inovio
INOD,Innodata
INOV,Inovalon
INPX,Inpixon
INSE,Inspired
INSG,Inseego
INSM,Insmed
INSU,Insurance
INSUU,Insurance
INSUW,Insurance
INTC,Intel
INTG,Intergroup
INTL,Intl
INTU,Intuit
INVA,Innoviva
INVE,Identiv
INWK,Innerworkings
IONS,Ionis
IOSP,Innospec
IOTS,Adesto
IOVA,Iovance
IPAR,Inter
IPGP,Ipg
IPHA,Innate
IPKW,Intl
IPLDP,Interstate
IPWR,Ideal
IQ,Iqiyi
IRBT,Irobot
IRCP,Irsa
IRDM,Iridium
IRIX,Iridex
IRMD,Iradimed
IROQ,If
IRTC,Irhythm
IRWD,Ironwood
ISBC,Investors
ISDS,Invesco
ISDX,Invesco
ISEE,Iveric
ISEM,Invesco
ISHG,3-Jan
ISIG,Insignia
ISNS,Image
ISRG,Intuitive
ISSC,Innovative
ISTB,5-Jan
ISTR,Investar
ITCI,Intra-Cellular
ITI,Iteris
ITIC,Investors
ITMR,Itamar
ITRI,Itron
ITRM,Iterum
ITRN,Ituran
IUS,Invesco
IUSB,USD
IUSG,S&P
IUSS,Invesco
IUSV,S&P
IVAC,Intevac
IXUS,Total
IZEA,Izea
JACK,Jack
JAGX,Jaguar
JAKK,Jakks
JAN,Janone
JAZZ,Jazz
JBHT,J
JBLU,Jetblue
JBSS,John
JCOM,J2
JCS,Commun
JCTCF,Jewett-Cameron
JD,Jd.com
JFIN,Jiayin
JFK,8I
JFKKR,8I
JFKKU,8I
JFKKW,8I
JFU,9F
JG,Aurora
JJSF,J
JKHY,Jack
JKI,Mstar
JMPNL,JMP
JMPNZ,JMP
JNCE,Jounce
JOBS,51Job
JOUT,Johnson
JRJC,China
JRSH,Jerash
JRVR,James
JSM,SLM
JSMD,Janus
JSML,Janus
JVA,Coffee
JYNT,The
KALA,Kala
KALU,Kaiser
KALV,Kalvista
KBAL,Kimball
KBLM,Kbl
KBLMR,Kbl
KBLMU,Kbl
KBLMW,Kbl
KBSF,Kbs
KBWB,KBW
KBWD,KBW
KBWP,KBW
KBWR,KBW
KBWY,KBW
KC,Kingsoft
KCAPL,Kcap
KE,Kimball
KELYA,Kelly
KELYB,Kelly
KEQU,Kewaunee
KERN,Akerna
KERNW,Akerna
KFFB,Kentucky
KFRC,Kforce
KGJI,Kingold
KHC,Kraft
KIDS,Orthopediatrics
KIN,Kindred
KINS,Kingstone
KIRK,Kirkland's
KLAC,K
KLDO,Kaleido
KLIC,Kulicke
KLXE,Klx
KMDA,Kamada
KNDI,Kandi
KNSA,Kiniksa
KNSL,Kinsale
KOD,Kodiak
KOPN,Kopin
KOSS,Koss
KPTI,Karyopharm
KRKR,36Kr
KRMA,G-X
KRMD,Repro
KRNT,Kornit
KRNY,Kearny
KROS,Keros
KRTX,Karuna
KRUS,Kura
KRYS,Krystal
KTCC,Key
KTOS,Kratos
KTOV,Kitov
KTOVW,Kitov
KURA,Kura
KVHI,K
KXIN,Kaixin
KZIA,Kazia
KZR,Kezar
LACQ,Leisure
LACQU,Leisure
LACQW,Leisure
LAKE,Lakeland
LAMR,Lamar
LANC,Lancaster
LAND,Gladstone
LANDP,Gladstone
LARK,Landmark
LASR,Nlight
LATN,Union
LATNU,Union
LATNW,Union
LAUR,Laureate
LAWS,Lawson
LAZY,Lazydays
LBAI,Lakeland
LBC,Luther
LBRDA,Liberty
LBRDK,Liberty
LBTYA,Liberty
LBTYB,Liberty
LBTYK,Liberty
LCA,Landcadia
LCAHU,Landcadia
LCAHW,Landcadia
LCNB,Lcnb
LCUT,Lifetime
LDEM,Ishares
LDSF,FT
LE,Lands'
LECO,Lincoln
LEDS,Semileds
LEGH,Legacy
LEGN,Legend
LEGR,First
LEVL,Level
LFAC,Lf
LFACU,Lf
LFACW,Lf
LFUS,Littelfuse
LFVN,Lifevantage
LGHL,Lion
LGHLW,Lion
LGIH,LGI
LGND,Ligand
LHCG,LHC
LIFE,Atyr
LILA,Liberty
LILAK,Liberty
LINC,Lincoln
LIND,Lindblad
LIQT,Liqtech
LITE,Lumentum
LIVE,Live
LIVK,Liv
LIVKU,Liv
LIVKW,Liv
LIVN,Livanova
LIVX,Livexlive
LIZI,Lizhi
LJPC,LA
LK,Luckin
LKCO,Luokung
LKFN,Lakeland
LKQ,LKQ
LLIT,Lianluo
LLNW,Limelight
LMAT,Lemaitre
LMB,Limbach
LMBS,Low
LMFA,Lm
LMFAW,Lm
LMNL,Liminal
LMNR,Limoneira
LMNX,Luminex
LMPX,Lmp
LMRK,Landmark
LMRKN,Landmark
LMRKO,Landmark
LMRKP,Landmark
LMST,Limestone
LNDC,Landec
LNGR,G-X
LNT,Alliant
LNTH,Lantheus
LOAC,Longevity
LOACR,Longevity
LOACU,Longevity
LOACW,Longevity
LOAN,Manhattan
LOB,Live
LOCO,El
LOGC,Logicbio
LOGI,Logitech
LOGM,Logmein
LONE,Lonestar
LOOP,Loop
LOPE,Grand
LORL,Loral
LOVE,The
LPCN,Lipocine
LPLA,Lpl
LPRO,Open
LPSN,Liveperson
LPTH,Lightpath
LPTX,Leap
LQDA,Liquidia
LQDT,Liquidity
LRCX,Lam
LRGE,Legg
LRMR,Larimar
LSAC,Lifesci
LSACU,Lifesci
LSACW,Lifesci
LSBK,Lake
LSCC,Lattice
LSTR,Landstar
LSXMA,Liberty
LSXMB,Liberty
LSXMK,Liberty
LSXMR,Liberty
LTBR,Lightbridge
LTRN,Lantern
LTRPA,Liberty
LTRPB,Liberty
LTRX,Lantronix
LULU,Lululemon
LUMO,Lumos
LUNA,Luna
LVGO,Livongo
LVHD,Legg
LWAY,Lifeway
LX,Lexinfintech
LXRX,Lexicon
LYFT,Lyft
LYL,Dragon
LYRA,Lyra
LYTS,L
MACK,Merrimack
MAGS,Magal
MANH,Manhattan
MANT,Mantech
MAR,Marriot
MARA,Marathon
MARK,Remark
MARPS,Marine
MASI,Masimo
MAT,Mattel
MATW,Matthews
MAYS,J
MBB,MBS
MBCN,Middlefield
MBII,Marrone
MBIN,Merchants
MBINO,Merchants
MBINP,Merchants
MBIO,Mustang
MBNKP,Medallion
MBOT,Microbot
MBRX,Moleculin
MBSD,Flexshares
MBUU,Malibu
MBWM,Mercantile
MCACU,Mountain
MCBC,Macatawa
MCBS,Metrocity
MCEF,Municipal
MCEP,Mid-Con
MCFT,Mcbc
MCHI,China
MCHP,Microchip
MCHX,Marchex
MCMJ,Merida
MCMJW,Merida
MCRB,Seres
MCRI,Monarch
MDB,Mongodb
MDCA,Mdc
MDGL,Madrigal
MDGS,Medigus
MDGSW,Medigus
MDIA,Mediaco
MDIV,Multi-Asset
MDJH,Mdjm
MDLZ,Mondelez
MDRR,Medalist
MDRRP,Medalist
MDRX,Allscripts
MDWD,Mediwound
MEDP,Medpace
MEDS,Trxade
MEET,The
MEIP,Mei
MELI,Mercadolibre
MEOH,Methanex
MERC,Mercer
MESA,Mesa
MESO,Mesoblast
METC,Ramaco
METX,Meten
METXW,Meten
MFH,Mercurity
MFIN,Medallion
MFINL,Medallion
MFNC,Mackinac
MGEE,Mge
MGEN,Miragen
MGI,Moneygram
MGIC,Magic
MGLN,Magellan
MGNX,Macrogenics
MGPI,MGP
MGRC,Mcgrath
MGTA,Magenta
MGTX,Meiragtx
MGYR,Magyar
MHLD,Maiden
MICT,Micronet
MIDD,Middleby
MIK,The
MILN,G-X
MIME,Mimecast
MIND,Mitcham
MINDP,Mitcham
MINI,Mobile
MIRM,Mirum
MIST,Milestone
MITK,Mitek
MITO,Stealth
MJCO,Majesco
MKD,Molecular
MKGI,Monaker
MKSI,Mks
MKTX,Marketaxess
MLAB,Mesa
MLCO,Melco
MLHR,Miller
MLND,Millendo
MLVF,Malvern
MMAC,Mma
MMLP,Martin
MMSI,Merit
MMYT,Makemytrip
MNCL,Monocle
MNCLW,Monocle
MNDO,Mind
MNKD,Mannkind
MNLO,Menlo
MNOV,Medicinova
MNPR,Monopar
MNRO,Monro
MNSB,Mainstreet
MNST,Monster
MNTA,Momenta
MNTX,Manitex
MOBL,Mobileiron
MOFG,Midwestone
MOGO,Mogo
MOHO,Ecmoho
MOMO,Momo
MOR,Morphosys
MORF,Morphic
MORN,Morningstar
MOSY,Mosys
MOTS,Motus
MOXC,Moxian
MPAA,Motorcar
MPB,Mid
MPWR,Monolithic
MRAM,Everspin
MRBK,Meridian
MRCC,Monroe
MRCCL,Monroe
MRCY,Mercury
MREO,Mereo
MRIN,Marin
MRKR,Marker
MRLN,Marlin
MRNA,Moderna
MRNS,Marinus
MRSN,Mersana
MRTN,Marten
MRTX,Mirati
MRUS,Merus
MRVL,Marvell
MSBF,MSB
MSBI,Midland
MSEX,Middlesex
MSFT,Microsoft
MSON,Misonix
MSTR,Microstrategy
MSVB,Mid-Southn
MTBC,Mtbc
MTBCP,Mtbc
MTC,Mmtec
MTCH,Match
MTEM,Molecular
MTEX,Mannatech
MTLS,Materialise
MTP,Midatech
MTRX,Matrix
MTSC,M
MTSI,Macom
MTSL,Mer
MU,Micron
MUDS,Mudrick
MUDSW,Mudrick
MVBF,Mvb
MVIS,Microvision
MWK,Mohawk
MXIM,Maxim
MYFW,First
MYGN,Myriad
MYL,Mylan
MYOK,Myokardia
MYOS,Myos
MYRG,MYR
MYSZ,My
MYT,Urban
NAII,Natural
NAKD,Naked
NAOV,Nanovibronix
NARI,Inari
NATH,Nathan's
NATI,Natl
NATR,Nature
NAVI,Navient
NBAC,Newborn
NBACR,Newborn
NBACU,Newborn
NBACW,Newborn
NBEV,New
NBIX,Neurocrine
NBL,Noble
NBLX,Noble
NBN,Northeast
NBRV,Nabriva
NBSE,Neu
NBTB,NBT
NCBS,Nicolet
NCMI,National
NCNA,Nucana
NCSM,Ncs
NCTY,The9
NDAQ,Nasdaq
NDLS,Noodles
NDRA,Endra
NDRAW,Endra
NDSN,Nordson
NEBU,Nebula
NEBUU,Nebula
NEBUW,Nebula
NEO,Neogenomics
NEOG,Neogen
NEON,Neonode
NEOS,Neos
NEPH,Nephros
NEPT,Neptune
NERV,Minerva
NESR,National
NESRW,National
NETE,Net
NEWA,Newater
NEWT,Newtek
NEWTI,Newtek
NEWTL,Newtek
NEXT,Nextdecade
NFBK,Northfield
NFE,New
NFIN,Netfin
NFINU,Netfin
NFINW,Netfin
NFLX,Netflix
NFTY,First
NGHC,National
NGHCN,National
NGHCO,National
NGHCP,National
NGHCZ,National
NGM,Ngm
NH,Nanthealth
NHLD,National
NHLDW,National
NHTC,Natural
NICE,Nice
NICK,Nicholas
NIU,Niu
NK,Nantkwest
NKLA,Nikola
NKLAW,Nikola
NKSH,Natl
NKTR,Nektar
NLOK,Nortonlifelock
NLTX,Neoleukin
NMCI,Navios
NMIH,Nmi
NMRD,Nemaura
NMRK,Newmark
NMTR,9
NNBR,NN
NNDM,Nano
NODK,Ni
NOVN,Novan
NOVS,Novus
NOVSU,Novus
NOVSW,Novus
NOVT,Novanta
NPA,New
NPAUU,New
NPAWW,New
NRBO,Neurobo
NRC,National
NRIM,Northrim
NSEC,Natl
NSIT,Insight
NSSC,Napco
NSTG,Nanostring
NSYS,Nortech
NTAP,Netapp
NTCT,Netscout
NTEC,Intec
NTES,Netease
NTGR,Netgear
NTIC,Northern
NTLA,Intellia
NTNX,Nutanix
NTRA,Natera
NTRP,Neurotrope
NTRS,Northern
NTRSO,Northern
NTUS,Natus
NTWK,Netsol
NUAN,Nuance
NURO,Neurometrix
NUROW,Neurometrix
NUVA,Nuvasive
NVAX,Novavax
NVCN,Neovasc
NVCR,Novocure
NVDA,Nvidia
NVEC,Nve
NVEE,Nv5
NVFY,Nova
NVIV,Invivo
NVMI,Nova
NVUS,Novus
NWBI,Northwest
NWFL,Norwood
NWGI,Newgioco
NWL,Newell
NWLI,Natl
NWPX,Northwest
NWS,News
NWSA,News
NXGN,Nextgen
NXPI,Nxp
NXST,Nexstar
NXTC,Nextcure
NXTD,Nxt-Id
NXTG,Nasdaq
NYMT,New
NYMTM,New
NYMTN,New
NYMTO,New
NYMTP,New
NYMX,Nymox
OAS,Oasis
OBAS,Optibase
OBCI,Ocean
OBLN,Obalon
OBNK,Origin
OBSV,Obseva
OCC,Optical
OCCI,Ofs
OCCIP,Ofs
OCFC,Oceanfirst
OCFCP,Oceanfirst
OCGN,Ocugen
OCSI,Oaktree
OCSL,Oaktree
OCUL,Ocular
ODFL,Old
ODP,Office
ODT,Odonate
OEG,Orbital
OESX,Orion
OFED,Oconee
OFIX,Orthofix
OFLX,Omega
OFS,Ofs
OFSSI,Ofs
OFSSL,Ofs
OFSSZ,Ofs
OGI,Organigram
OIIM,O2Micro
OKTA,Okta
OLD,Long-Term
OLED,Universal
OLLI,Ollies
OMAB,Grupo
OMCL,Omnicell
OMER,Omeros
OMEX,Odyssey
OMP,Oasis
ON,On
ONB,Old
ONCS,Oncosec
ONCT,Oncternal
ONCY,Oncolytics
ONEM,1Life
ONEQ,Nasdaq
ONEW,Onewater
ONTX,Onconova
ONTXW,Onconova
ONVO,Organovo
OPB,Opus
OPBK,Open
OPCH,Option
OPES,Opes
OPESU,Opes
OPESW,Opes
OPGN,Opgen
OPHC,Optimumbank
OPI,Office
OPINI,Office
OPK,Opko
OPNT,Opiant
OPOF,Old
OPRA,Opera
OPRT,Oportun
OPRX,Optimizerx
OPTN,Optinose
OPTT,Ocean
ORBC,Orbcomm
ORGO,Organogenesis
ORGS,Orgenesis
ORIC,Oric
ORLY,O'Reilly
ORMP,Oramed
ORRF,Orrstown
ORSN,Orisun
ORSNR,Orisun
ORSNU,Orisun
ORSNW,Orisun
ORTX,Orchard
OSBC,Old
OSIS,O
OSMT,Osmotica
OSN,Ossen
OSPN,Onespan
OSS,One
OSTK,Overstock.com
OSUR,Orasure
OSW,Onespaworld
OTEL,Otelco
OTEX,Open
OTIC,Otonomy
OTLK,Outlook
OTLKW,Outlook
OTTR,Otter
OTTW,Ottawa
OVBC,Ohio
OVID,Ovid
OVLY,Oak
OXBR,Oxbridge
OXBRW,Oxbridge
OXFD,Oxford
OXLC,Oxford
OXLCM,Oxford
OXLCO,Oxford
OXLCP,Oxford
OXSQ,Oxford
OXSQL,Oxford
OXSQZ,Oxford
OYST,Oyster
OZK,Bank
PAAC,Proficient
PAACR,Proficient
PAACU,Proficient
PAACW,Proficient
PAAS,Pan
PACB,Pacific
PACQ,Pure
PACQW,Pure
PACW,Pacwest
PAE,Pae
PAEWW,Pae
PAHC,Phibro
PANL,Pangaea
PASG,Passage
PATI,Patriot
PATK,Patrick
PAVM,Pavmed
PAVMW,Pavmed
PAVMZ,Pavmed
PAYS,Paysign
PAYX,Paychex
PBCT,People's
PBCTP,Peoples
PBFS,Pioneer
PBHC,Pathfinder
PBIP,Prudential
PBPB,Potbelly
PBTS,Powerbridge
PBYI,Puma
PCAR,Paccar
PCB,Pacific
PCH,Potlatch
PCOM,Points
PCRX,Pacira
PCSB,Pcsb
PCTI,Pc-Tel
PCTY,Paylocity
PCVX,Vaxcyte
PCYG,Park
PCYO,Pure
PDBC,Optimum
PDCE,Pdc
PDCO,Patterson
PDD,Pinduoduo
PDEX,Pro-Dex
PDFS,Pdf
PDLB,Pdl
PDLI,Pdl
PDP,DWA
PDSB,Pds
PEBK,Peoples
PEBO,Peoples
PECK,The
PEGA,Pegasystems
PEIX,Pacific
PENN,Penn
PEP,Pepsico
PERI,Perion
PESI,Perma-Fix
PETQ,Petiq
PETS,Petmed
PETZ,Tdh
PEY,High
PEZ,DWA
PFBC,Preferred
PFBI,Premier
PFF,US
PFG,Principal
PFHD,Professional
PFI,DWA
PFIE,Profire
PFIN,P
PFIS,Peoples
PFLT,Pennantpark
PFM,Dividend
PFMT,Performant
PFPT,Proofpoint
PFSW,Pfsweb
PGC,Peapack
PGEN,Precigen
PGJ,Golden
PGNX,Progenics
PGNY,Progyny
PHAS,Phasebio
PHAT,Phathom
PHCF,Puhui
PHIO,Phio
PHIOW,Phio
PHO,Water
PHUN,Phunware
PHUNW,Phunware
PI,Impinj
PICO,Pico
PID,Intl
PIE,DWA
PIH,1347
PIHPP,1347
PINC,Premier
PIO,Global
PIRS,Pieris
PIXY,Shiftpixy
PIZ,DWA
PKBK,Parke
PKOH,Park
PKW,Buyback
PLAB,Photronics
PLAY,Dave
PLBC,Plumas
PLC,Principal
PLCE,Children's
PLIN,China
PLL,Piedmont
PLMR,Palomar
PLPC,Preformed
PLRX,Pliant
PLSE,Pulse
PLUG,Plug
PLUS,Eplus
PLW,30-Jan
PLXP,Plx
PLXS,Plexus
PLYA,Playa
PMBC,Pacific
PMD,Psychemedics
PME,Pingtan
PMOM,Principal
PNBK,Patriot
PNFP,Pinnacle
PNFPP,Pinnacle
PNNT,Pennantpark
PNNTG,Pennantpark
PNQI,Nasdaq
PNRG,Primeenergy
PNTG,The
POAI,Predictive
PODD,Insulet
POLA,Polar
POOL,Pool
POTX,Global
POWI,Power
POWL,Powell
PPBI,Pacific
PPC,Pilgrim's
PPD,Ppd
PPH,Pharmaceutical
PPHI,Positive
PPIH,Perma-Pipe
PPSI,Pioneer
PRAA,Pra
PRAH,Pra
PRCP,Perceptron
PRDO,Perdoceo
PRFT,Perficient
PRFZ,FTSE
PRGS,Progress
PRGX,Prgx
PRIM,Primoris
PRN,DWA
PRNB,Principia
PROF,Profound
PROG,Programmer's
PROV,Provident
PRPH,Prophase
PRPL,Purple
PRPO,Precipio
PRQR,Proqr
PRSC,Providence
PRTA,Prothena
PRTH,Priority
PRTK,Paratek
PRTS,U.S.
PRVB,Provention
PRVL,Prevail
PS,Pluralsight
PSC,Resources
PSCC,S&P
PSCD,S&P
PSCE,S&P
PSCF,S&P
PSCH,S&P
PSCI,S&P
PSCM,S&P
PSCT,S&P
PSCU,S&P
PSEC,Prospect
PSET,Principal
PSHG,Performance
PSL,DWA
PSM,Principal
PSMT,Pricesmart
PSNL,Personalis
PSTI,Pluristem
PSTV,Plus
PSTVZ,Plus
PT,Pintec
PTAC,Proptech
PTACU,Proptech
PTACW,Proptech
PTC,Ptc
PTCT,Ptc
PTE,Polarityte
PTEN,Patterson-Uti
PTF,DWA
PTGX,Protagonist
PTH,DWA
PTI,Proteostasis
PTLA,Portola
PTMN,Portman
PTNR,Partner
PTON,Peloton
PTSI,P
PTVCA,Protective
PTVCB,Protective
PUB,Peoples
PUI,DWA
PULM,Pulmatrix
PUYI,Puyi
PVAC,Penn
PVAL,Principal
PVBC,Provident
PWFL,Powerfleet
PWOD,Penns
PXI,DWA
PXLW,Pixelworks
PXS,Pyxis
PY,Principal
PYPL,Paypal
PYZ,DWA
PZZA,Papa
QABA,Qtec
QADA,Qad
QADB,Q
QAT,Qatar
QCLN,Nasdaq
QCOM,Qualcomm
QCRH,Qcr
QDEL,Quidel
QFIN,360
QIWI,Qiwi
QK,Q&K
QLGN,Qualigen
QLYS,Qualys
QMCO,Quantum
QNST,Quinstreet
QQEW,Nasdaq-100
QQQ,Nasdaq
QQQX,Nuveen
QQXT,Nasdaq-100
QRHC,Quest
QRTEA,Qurate
QRTEB,Liberty
QRVO,Qorvo
QTEC,Nasdaq-100
QTNT,Quotient
QTRX,Quanterix
QTT,Qutoutiao
QUIK,Quicklogic
QUMU,Qumu
QURE,Uniqure
QYLD,Horizons
RADA,Rada
RAIL,Freightcar
RAND,Rand
RAPT,Rapt
RARE,Ultragenyx
RAVE,Rave
RAVN,Raven
RBB,Rbb
RBBN,Ribbon
RBCAA,Republic
RBCN,Rubicon
RBKB,Rhinebeck
RBNC,Reliant
RCEL,Avita
RCII,Rent-A-Center
RCKT,Rocket
RCKY,Rocky
RCM,R1
RCMT,R
RCON,Recon
RDCM,Radcom
RDFN,Redfin
RDHL,Redhill
RDI,Reading
RDIB,Reading
RDNT,Radnet
RDUS,Radius
RDVT,Red
RDVY,Rising
RDWR,Radware
REAL,The
REDU,Rise
REED,Reeds
REFR,Research
REG,Regency
REGI,Renewable
REGN,Regeneron
REKR,Rekor
RELL,Richardson
RELV,Reliv
REPH,Recro
REPL,Replimune
RESN,Resonant
RETA,Reata
RETO,Reto
REXN,Rexahn
REYN,Reynolds
RFAP,Riverfront
RFDI,Riverfront
RFEM,Riverfront
RFEU,Riverfront
RFIL,RF
RGCO,Rgc
RGEN,Repligen
RGLD,Royal
RGLS,Regulus
RGNX,Regenxbio
RGP,Resources
RIBT,Ricebran
RICK,RCI
RIGL,Rigel
RILY,B.
RILYG,B.
RILYH,B.
RILYI,B.
RILYM,B.
RILYN,B.
RILYO,B.
RILYP,B.
RILYZ,B.
RING,Global
RIOT,Riot
RIVE,Riverview
RKDA,Arcadia
RLMD,Relmada
RMBI,Richmond
RMBL,Rumbleon
RMBS,Rambus
RMCF,Rocky
RMNI,Rimini
RMR,The
RMTI,Rockwell
RNA,Avidity
RNDB,Randolph
RNDM,First
RNDV,First
RNEM,First
RNET,Rignet
RNLC,First
RNMC,First
RNSC,First
RNST,Renasant
RNWK,Realnetworks
ROAD,Construction
ROBT,FT
ROCHU,Roth
ROCK,Gibraltar
ROIC,Retail
ROKU,Roku
ROLL,RBC
ROSE,Rosehill
ROSEU,Rosehill
ROSEW,Rosehill
ROST,Ross
RP,Realpage
RPAY,Repay
RPD,Rapid7
RPRX,Royalty
RRBI,Red
RRGB,Red
RRR,Red
RSSS,Derycz
RTH,Retail
RTIX,Rti
RTLR,Rattler
RTRX,Retrophin
RTTR,Ritter
RUBI,The
RUBY,Rubius
RUHN,Ruhnn
RUN,Sunrun
RUSHA,Rush
RUSHB,Rush
RUTH,Ruth's
RVMD,Revolution
RVNC,Revance
RVSB,Riverview
RWLK,Rewalk
RYAAY,Ryanair
RYTM,Rhythm
SABR,Sabre
SAEX,Saexploration
SAFM,Sanderson
SAFT,Safety
SAGE,Sage
SAIA,Saia
SAL,Salisbury
SALM,Salem
SAMA,Schultze
SAMAU,Schultze
SAMAW,Schultze
SAMG,Silvercrest
SANM,Sanmina
SANW,S&W
SAQN,Software
SAQNU,Software
SAQNW,Software
SASR,Sandy
SATS,Echostar
SAVA,Cassava
SBAC,SBA
SBBP,Strongbridge
SBBX,Sussex
SBCF,Seacoast
SBFG,Sb
SBGI,Sinclair
SBLK,Star
SBLKZ,Star
SBNY,Signature
SBPH,Spring
SBRA,Sabra
SBSI,Southside
SBT,Sterling
SBUX,Starbucks
SCHL,Scholastic
SCHN,Schnitzer
SCKT,Socket
SCON,Superconductor
SCOR,Comscore
SCPH,SC
SCPL,Sciplay
SCSC,Scansource
SCVL,Shoe
SCWX,Secureworks
SCYX,Scynexis
SCZ,EAFE
SDC,Smiledirectclub
SDG,Ishares
SDGR,Schrodinger
SDVY,FT
SEAC,Sea
SECO,Secoo
SEDG,Solaredge
SEED,Origin
SEEL,Seelos
SEIC,Sei
SELB,Selecta
SELF,Global
SENEA,Seneca
SENEB,Seneca
SESN,Sesen
SFBC,Sound
SFBS,Servisfirst
SFET,Safe-T
SFIX,Stitch
SFM,Sprouts
SFNC,Simmons
SFST,Southern
SG,Sirius
SGA,Saga
SGBX,Sg
SGC,Superior
SGEN,Seattle
SGH,Smart
SGLB,Sigma
SGLBW,Sigma
SGMA,Sigmatron
SGMO,Sangamo
SGMS,Scientific
SGOC,Sgoco
SGRP,Spar
SGRY,Surgery
SHBI,Shore
SHEN,Shenandoah
SHIP,Seanergy
SHIPW,Seanergy
SHIPZ,Seanergy
SHLO,Shiloh
SHOO,Steven
SHSP,Sharpspring
SHV,Short
SHY,3-Jan
SHYF,The
SIBN,Si-Bone
SIC,Select
SIEB,Siebert
SIEN,Sientra
SIFY,Sify
SIGA,Siga
SIGI,Selective
SILC,Silicom
SILK,Silk
SIMO,Silicon
SINA,Sina
SINO,Sino-Global
SINT,Sintx
SIRI,Sirius
SITM,Sitime
SIVB,Svb
SIVBP,Svb
SJ,Scienjoy
SJOYW,Scienjoy
SKOR,Flexshares
SKYS,Sky
SKYW,Skywest
SKYY,Cloud
SLAB,Silicon
SLCT,Select
SLDB,Solid
SLGG,Super
SLGL,Sol-Gel
SLGN,Silgan
SLM,SLM
SLMBP,SLM
SLNO,Soleno
SLP,Simulations
SLQD,0-5
SLRC,Solar
SLRX,Salarius
SLS,Sellas
SLVO,CS
SMBC,Southern
SMBK,Smartfinancial
SMCI,Super
SMCP,Alphamark
SMED,Sharps
SMH,Semiconductor
SMIT,Schmitt
SMMC,South
SMMCU,South
SMMCW,South
SMMF,Summit
SMMT,Summit
SMPL,The
SMRT,Stein
SMSI,Smith
SMTC,Semtech
SMTX,Smtc
SNBR,Sleep
SNCA,Seneca
SNCR,Synchronoss
SND,Smart
SNDE,Sundance
SNDL,Sundial
SNDX,Syndax
SNES,Senestech
SNFCA,Security
SNGX,Soligenix
SNGXW,Soligenix
SNLN,Pyxis/Iboxx
SNOA,Sonoma
SNPS,Synopsys
SNSR,G-X
SNSS,Sunesis
SNUG,Merlyn.Ai
SNY,Sanofi-Aventis
SOCL,G-X
SOHO,Sotherly
SOHOB,Sotherly
SOHON,Sotherly
SOHOO,Sotherly
SOHU,Sohu.com
SOLO,Electrameccanica
SOLOW,Electrameccanica
SOLY,Soliton
SONA,Southern
SONM,Sonim
SONN,Sonnet
SONO,Sonos
SOXX,PHLX
SP,SP
SPAR,Spartan
SPCB,Supercom
SPFI,South
SPI,Spi
SPKE,Spark
SPKEP,Spark
SPLK,Splunk
SPNE,Seaspine
SPNS,Sapiens
SPOK,Spok
SPPI,Spectrum
SPRO,Spero
SPRT,Support.com
SPSC,Sps
SPT,Sprout
SPTN,Spartannash
SPWH,Sportsman's
SPWR,Sunpower
SQBG,Sequential
SQLV,Legg
SQQQ,Ultrapro
SRAC,Stable
SRACU,Stable
SRACW,Stable
SRAX,Social
SRCE,1st
SRCL,Stericycle
SRDX,Surmodics
SRET,G-X
SREV,Servicesrce
SRNE,Sorrento
SRPT,Sarepta
SRRA,Sierra
SRRK,Scholar
SRTS,Sensus
SRTSW,Sensus
SSB,South
SSBI,Summit
SSKN,Strata
SSNC,SS&C
SSNT,Silversun
SSP,E.W.
SSPK,Silver
SSPKU,Silver
SSPKW,Silver
SSRM,Silver
SSSS,Sutter
SSTI,Shotspotter
SSYS,Stratasys
STAA,Staar
STAF,Staffing
STAY,Extended
STBA,S&T
STCN,Steel
STFC,State
STIM,Neuronetics
STKL,Sunopta
STKS,The
STLD,Steel
STML,Stemline
STMP,Stamps.com
STND,Standard
STNE,Stoneco
STOK,Stoke
STRA,Strayer
STRL,Sterling
STRM,Streamline
STRO,Sutro
STRS,Stratus
STRT,Strattec
STSA,Satsuma
STX,Seagate
STXB,Spirit
SUMR,Summer
SUNS,Solar
SUNW,Sunworks
SUPN,Supernus
SURF,Surface
SUSB,5-Jan
SUSC,USD
SUSL,Ishares
SVBI,Severn
SVC,Service
SVMK,Svmk
SVRA,Savara
SVVC,Firsthand
SWAV,Shockwave
SWBI,Smith
SWIR,Sierra
SWKH,Swk
SWKS,Skyworks
SWTX,Springworks
SXTC,China
SY,So-Young
SYBT,Stock
SYBX,Synlogic
SYKE,Sykes
SYNA,Synaptics
SYNC,Synacor
SYNH,Syneos
SYNL,Synalloy
SYPR,Sypris
SYRS,Syros
TA,Travelcenters
TACO,Del
TACOW,Del
TACT,Transact
TAIT,Taitron
TANH,Tantech
TANNI,Travelcenters
TANNL,Travelcenters
TANNZ,Travelcenters
TAOP,Taoping
TARA,Artara
TAST,Carrols
TATT,T
TAYD,Taylor
TBBK,The
TBIO,Translate
TBK,Triumph
TBLT,Toughbuilt
TBLTW,Toughbuilt
TBNK,Territorial
TBPH,Theravance
TC,Tuanche
TCBI,Texas
TCBIL,Texas
TCBIP,Texas
TCBK,Trico
TCCO,Technical
TCDA,Tricida
TCF,TCF
TCFC,The
TCFCP,TCF
TCMD,Tactile
TCOM,Trip.com
TCON,Tracon
TCPC,TCP
TCRD,THL
TCRR,Tcr2
TCX,Tucows
TDAC,Trident
TDACU,Trident
TDACW,Trident
TDIV,Nasdaq
TEAM,Atlassian
TECD,Tech
TECH,Bio-Techne
TECTP,Tectonic
TEDU,Tarena
TELA,Tela
TELL,Tellurian
TENB,Tenable
TENX,Tenax
TER,Teradyne
TERP,Terraform
TESS,Tessco
TEUM,Pareteum
TFFP,Tff
TFSL,Tfs
TGA,Transglobe
TGEN,Tecogen
TGLS,Tecnoglass
TGTX,Tg
TH,Target
THBR,Thunder
THBRU,Thunder
THBRW,Thunder
THCA,Tuscan
THCAU,Tuscan
THCAW,Tuscan
THCB,Tuscan
THCBU,Tuscan
THCBW,Tuscan
THFF,First
THMO,Thermogenesis
THRM,Gentherm
THTX,Theratechnologies
THWWW,Target
TIGO,Millicom
TIGR,Up
TILE,Interface
TIPT,Tiptree
TITN,Titan
TIVO,Tivo
TLC,Taiwan
TLF,Tandy
TLGT,Teligent
TLND,Talend
TLRY,Tilray
TLSA,Tiziana
TLT,20+
TMDI,Titan
TMDX,Transmedics
TMUS,T-Mobile
TNAV,Telenav
TNDM,Tandem
TNXP,Tonix
TOCA,Tocagen
TOPS,Top
TORC,Restorbio
TOTA,Tottenham
TOTAR,Tottenham
TOTAW,Tottenham
TOUR,Tuniu
TOWN,Towne
TPCO,Tribune
TPIC,Tpi
TPTX,Turning
TQQQ,Ultrapro
TRCH,Torchlight
TREE,Lendingtree
TRHC,Tabula
TRIB,Trinity
TRIL,Trillium
TRIP,Tripadvisor
TRMB,Trimble
TRMD,Torm
TRMK,Trustmark
TRMT,Tremont
TRNS,Transcat
TROW,T
TRPX,Therapix
TRS,Trimas
TRST,Trustco
TRUE,Truecar
TRUP,Trupanion
TRVG,Trivago
TRVI,Trevi
TRVN,Trevena
TSBK,Timberland
TSC,Tristate
TSCAP,Tristate
TSCBP,Tristate
TSCO,Tractor
TSEM,Tower
TSLA,Tesla
TSRI,T
TTD,Trade
TTEC,Teletech
TTEK,Tetra
TTGT,Techtarget
TTMI,TTM
TTNP,Titan
TTOO,T2
TTPH,Tetraphase
TTTN,Tigershares
TTWO,Take-Two
TUES,Tuesday
TUR,Turkey
TURN,180
TUSA,Total
TUSK,Mammoth
TVIX,VS
TVTY,Tivity
TW,Tradeweb
TWIN,Twin
TWMC,Trans
TWNK,Hostess
TWNKW,Gores
TWOU,2U
TWST,Twist
TXG,10X
TXMD,Therapeuticsmd
TXN,Texas
TXRH,Texas
TYHT,Shineco
TYME,Tyme
TZAC,Tenzing
TZACW,Tenzing
TZOO,Travelzoo
UAE,UAE
UAL,United
UBCP,United
UBFO,United
UBOH,United
UBSI,United
UBX,Unity
UCBI,United
UCBIO,United
UCL,Ucloudlink
UCTT,Ultra
UEIC,Universal
UEPS,Net
UFCS,United
UFO,Procure
UFPI,Universal
UFPT,U
UG,United
UGLD,VS
UHAL,A
UIHC,United
ULBI,Ultralife
ULH,Universal
ULTA,Ulta
UMBF,Ump
UMPQ,Umpqua
UMRX,Unum
UNAM,Unico
UNB,Union
UNIT,Uniti
UNTY,Unity
UONE,Urban
UONEK,Urban
UPLD,Upland
UPWK,Upwork
URBN,Urban
URGN,Urogen
UROV,Urovant
USAK,U
USAP,Universal
USAU,U.S.
USCR,U
USEG,U
USIG,Broad
USIO,Usio
USLB,Russell
USLM,U
USLV,VS
USMC,Principal
USOI,Credit
USWS,U.S.
USWSW,U.S.
USXF,Ishares
UTHR,United
UTMD,Utah
UTSI,Utstarcom
UVSP,Univest
UXIN,Uxin
VALU,Value
VBFC,Village
VBIV,Vbi
VBLT,Vascular
VBTX,Veritex
VC,Visteon
VCEL,Vericel
VCIT,Interm
VCLT,Long-Term
VCNX,Vaccinex
VCSH,Sht-Term
VCTR,Victory
VCYT,Veracyte
VECO,Veeco
VEON,Veon
VERB,Verb
VERBW,Verb
VERI,Veritone
VERO,Venus
VERU,Veru
VERY,Vericity
VETS,Pacer
VFF,Village
VG,Vonage
VGIT,Interm
VGLT,Long-Term
VGSH,Sht-Term
VIAC,Viacomcbs
VIACA,Viacomcbs
VIAV,Viavi
VICR,Vicor
VIE,Viela
VIGI,Intl
VIIX,VS
VIOT,Viomi
VIR,Vir
VIRC,Virco
VIRT,Virtu
VISL,Vislink
VIVE,Viveve
VIVO,Meridian
VKTX,Viking
VKTXW,Viking
VLGEA,Village
VLY,Valley
VLYPO,Valley
VLYPP,Valley
VMBS,Mortgage-Backed
VMD,Viemed
VNDA,Vanda
VNET,21Vianet
VNOM,Viper
VNQI,Global
VOD,Vodafone
VONE,Russell
VONG,Russell
VONV,Russell
VOXX,Voxx
VRA,Vera
VRAY,Viewray
VRCA,Verrica
VREX,Varex
VRIG,Variable
VRM,Vroom
VRME,Verifyme
VRMEW,Verifyme
VRML,Vermillion
VRNA,Verona
VRNS,Varonis
VRNT,Verint
VRRM,Verra
VRSK,Verisk
VRSN,Verisign
VRTS,Virtus
VRTU,Virtusa
VRTX,Vertex
VSAT,Viasat
VSDA,Victory
VSEC,V
VSMV,Victory
VSTM,Verastem
VTC,Total
VTGN,Vistagen
VTHR,Russell
VTIP,Sht-Term
VTIQ,Vectoiq
VTIQU,Vectoiq
VTIQW,Vectoiq
VTNR,Vertex
VTSI,Virtra
VTVT,Vtv
VTWG,Russell
VTWO,Russell
VTWV,Russell
VUZI,Vuzix
VVPR,Vivopower
VVUS,Vivus
VWOB,EM
VXRT,Vaxart
VXUS,Total
VYGR,Voyager
VYMI,Intl
WABC,Westamerica
WAFD,Washington
WAFU,Wah
WASH,Washington
WATT,Energous
WB,Weibo
WBA,Walgreens
WBND,Western
WCLD,Wisdomtree
WDAY,Workday
WDC,Western
WDFC,W
WEBK,Wellesley
WEN,Wendys
WERN,Werner
WETF,Wisdomtree
WEYS,Weyco
WHF,Whitehorse
WHFBZ,Whitehorse
WHLM,Wilhelmina
WHLR,Wheeler
WHLRD,Wheeler
WHLRP,Wheeler
WIFI,Boingo
WILC,G
WIMI,Wimi
WINA,Winmark
WINC,Western
WING,Wingstop
WINS,Wins
WINT,Windtree
WIRE,Encore
WISA,Summit
WIX,Wix.com
WKEY,Wisekey
WKHS,Workhorse
WLDN,Willdan
WLFC,Willis
WLTW,Willis
WMG,Warner
WMGI,Wright
WNEB,Western
WOOD,Global
WPRT,Westport
WRLD,World
WRTC,Wrap
WSBC,Wesbanco
WSBF,Waterstone
WSC,Willscot
WSFS,WSFS
WSG,Wanda
WSTG,Wayside
WSTL,Westell
WTBA,West
WTER,Alkaline
WTFC,Wintrust
WTFCM,Wintrust
WTFCP,Wintrust
WTRE,Watford
WTREP,Watford
WTRH,Waitr
WVE,Wave
WVFC,Wvs
WVVI,Willamette
WVVIP,Willamette
WW,Weight
WWD,Woodward
WWR,Westwater
WYNN,Wynn
XAIR,Beyond
XBIO,Xenetic
XBIOW,Xenetic
XBIT,Xbiotech
XCUR,Exicure
XEL,XCEL
XELA,Exela
XELB,XCEL
XENE,Xenon
XENT,Intersect
XERS,Xeris
XFOR,X4
XGN,Exagen
XLNX,Xilinx
XLRN,Acceleron
XNCR,Xencor
XNET,Xunlei
XOG,Extraction
XOMA,Xoma
XONE,The
XP,XP
XPEL,Xpel
XPER,Xperi
XRAY,Dentsply
XSPA,Xpresspa
XT,Exponential
XTLB,Xtl
YGYI,Youngevity
YGYIP,Youngevity
YI,111
YIN,Yintech
YJ,Yunji
YLCO,G-X
YLDE,Legg
YMAB,Y-Mabs
YNDX,Yandex
YORW,York
YRCW,YRC
YTEN,Yield10
YTRA,Yatra
YVR,Liquid
YY,YY
Z,Zillow
ZAGG,Zagg
ZBRA,Zebra
ZCMD,Zhongchao
ZEAL,Zealand
ZEUS,Olympic
ZFGN,Zafgen
ZG,Zillow
ZGNX,Zogenix
ZGYH,Yunhong
ZGYHR,Yunhong
ZGYHU,Yunhong
ZGYHW,Yunhong
ZI,Zoominfo
ZION,Zions
ZIONL,Zion
ZIONN,Zions
ZIONO,Zions
ZIONP,Zions
ZIONW,Zions
ZIOP,Ziopharm
ZIV,VS
ZIXI,Zix
ZKIN,Zk
ZLAB,Zai
ZM,Zoom
ZN,Zion
ZNGA,Zynga
ZNTL,Zentalis
ZS,Zscaler
ZSAN,Zosano
ZUMZ,Zumiez
ZVO,Zovio
ZYNE,Zynerba
ZYXI,Zynex
